{
  "_meta": {
    "sources": [
      "loopback/common/models",
      "loopback/server/models",
      "../common/models",
      "./models"
    ],
    "mixins": [
      "loopback/common/mixins",
      "loopback/server/mixins",
      "../common/mixins",
      "./mixins"
    ]
  },
  "User": {
    "dataSource": "mongodb",
    "public": false
  },
  "AccessToken": {
    "dataSource": "mongodb",
    "public": false
  },
  "ACL": {
    "dataSource": "mongodb",
    "public": false
  },
  "RoleMapping": {
    "dataSource": "mongodb",
    "public": false
  },
  "persistedModel": {
    "dataSource": null,
    "public": false
  },
  "catalog": {
    "dataSource": "mongodb",
    "public": true
  },
  "product-catalog": {
    "dataSource": "mongodb",
    "public": true
  }
}
