{
  "name": "catalog",
  "base": "PersistedModel",
  "idInjection": true,
  "options": {
    "validateUpsert": true
  },
  "properties": {
    "UPC": {
      "type": "string",
      "required": true
    },
    "Has_Nutrition": {
      "type": "boolean",
      "required": true
    },
    "Category": {
      "type": "string",
      "required": true
    },
    "Brand": {
      "type": "string",
      "required": true
    },
    "Manufacturer": {
      "type": "string",
      "required": true
    },
    "Address": {
      "type": "string",
      "required": true
    }
  },
  "validations": [],
  "relations": {},
  "acls": [],
  "methods": {}
}
